NAME ,HOURS OF OPERATION,ADDRESS,CITY,STATE,ZIP,PHONE,WEBSITE,LOCATION
Vodak-East Side,"Sun., Closed; Mon. & Wed., Noon-8; Tue. & Thu., 10-6; Fri. & Sat., 9-5",3710 E. 106th St.,Chicago,IL,60617,(312) 747-5281,https://www.chipublib.org/locations/71/,"(41.70302747819179, -87.53350318470449)"
Albany Park,"Sun., Closed; Mon. & Wed., 10-6; Tue. & Thu., Noon-8; Fri. & Sat., 9-5",3401 W. Foster Ave.,Chicago,IL,60625,(773) 539-5450,https://www.chipublib.org/locations/3/,"(41.975456, -87.71409)"
Avalon,"Sun., Closed; Mon. & Wed., Noon-8; Tue. & Thu., 10-6; Fri. & Sat., 9-5",8148 S. Stony Island Ave.,Chicago,IL,60617,(312) 747-5234,https://www.chipublib.org/locations/8/,"(41.74671722160199, -87.58539658719002)"
Brainerd,"Sun., Closed; Mon. & Wed., 10-6; Tue. & Thu., Noon-8; Fri. & Sat., 9-5",1350 W. 89th St.,Chicago,IL,60620,(312) 747-6291,https://www.chipublib.org/locations/13/,"(41.732316757097045, -87.65723451581835)"
Popular Library at Water Works,"Mon. - Thu., 9-7; Fri. & Sat., 9-5; Sun., 1-5",163 E. Pearson St.,Chicago,IL,60611,(312) 742-8811,https://www.chipublib.org/locations/73/,"(41.89758435399726, -87.62314877110073)"
Little Italy,"Sun., Closed; Mon. & Wed., Noon-8; Tue. & Thu., 10-6; Fri. & Sat., 9-5l",1336 W. Taylor St.,Chicago,IL,60607,(312) 746-5656,https://www.chipublib.org/locations/62/,"(41.867166, -87.660613)"
Edgebrook,"Sun., Closed; Mon. & Wed., Noon-8; Tue. & Thu., 10-6; Fri. & Sat., 9-5",5331 W. Devon Ave.,Chicago,IL,60646,(312) 744-8313,https://www.chipublib.org/locations/27/,"(41.9969708834685, -87.7620478920105)"
Kelly,"Sun., Closed; Mon. & Wed., 10-6; Tue. & Thu., Noon-8; Fri. & Sat., 9-5",6151 S. Normal Blvd.,Chicago,IL,60621,(312) 747-8418,https://www.chipublib.org/locations/40/,"(41.78217163315653, -87.63740786532117)"
Edgewater,"Sun., Closed; Mon. & Wed., 10-6; Tue. & Thu., Noon-8; Fri. & Sat., 9-5",6000 N. Broadway St.,Chicago,IL,60660,(312) 742-1945,https://www.chipublib.org/locations/28/,"(41.990996, -87.660757)"
North Austin,"Sun., Closed; Mon. & Wed., Noon-8; Tue. & Thu., 10-6; Fri. & Sat., 9-5",5724 W. North Ave.,Chicago,IL,60639,(312) 746-4233,https://www.chipublib.org/locations/54/,"(41.90942919798428, -87.76879898888265)"
Canaryville,"Sun., Closed; Mon. & Wed., Noon-8; Tue. & Thu., 10-6; Fri. & Sat., 9-5",642 W. 43rd St.,Chicago,IL,60609,(312) 747-0644,https://www.chipublib.org/locations/17/,"(41.815505684396335, -87.64250101465565)"
"Daley, Richard J.","Sun., Closed; Mon. & Wed., 10-6; Tue. & Thu., Noon-8; Fri. & Sat., 9-5",3400 S. Halsted St.,Chicago,IL,60608,(312) 747-8990,https://www.chipublib.org/locations/23/,"(41.83228703346308, -87.64648501124545)"
Manning,"Sun., Closed; Mon. & Wed., Noon-8; Tue. & Thu., 10-6; Fri. & Sat., 9-5",6 S. Hoyne Ave.,Chicago,IL,60612,(312) 746-6800,https://www.chipublib.org/locations/48/,"(41.88118570415187, -87.67914211111776)"
Portage-Cragin,"Sun., Closed; Mon. & Wed., Noon-8; Tue. & Thu., 10-6; Fri. & Sat., 9-5",5108 W. Belmont Ave.,Chicago,IL,60641,(312) 744-0152,https://www.chipublib.org/locations/58/,"(41.93877675039972, -87.75449293765163)"
"Whitney M. Young, Jr.","Sun., Closed; Mon. & Wed., 10-6; Tue. & Thu., Noon-8; Fri. & Sat., 9-5",415 East 79th St.,Chicago,IL,60619,(312) 747-0039,https://www.chipublib.org/locations/80/,"(41.75106360973631, -87.61495065361933)"
Greater Grand Crossing,"Sun., Closed; Mon. & Wed., Noon-8; Tue. & Thu., 10-6; Fri. & Sat., 9-5",1000 E. 73rd St.,Chicago,IL,60619,(312) 745-1608,https://www.chipublib.org/locations/32/,"(41.7623, -87.6005)"
Scottsdale,"Sun., Closed; Mon. & Wed., 10-6; Tue. & Thu., Noon-8; Fri. & Sat., 9-5",4101 W. 79th St.,Chicago,IL,60652,(312) 747-0193,https://www.chipublib.org/locations/63/,"(41.749361683410754, -87.72439557570442)"
Altgeld,"Sun., Closed; Mon. & Wed., Noon-8; Tue. & Thu., 10-6; Fri. & Sat., 9-5",13281 S. Corliss Ave.,Chicago,IL,60827,(312) 747-3270,https://www.chipublib.org/locations/4/,"(41.65473021837776, -87.6022302609835)"
West Lawn,"Sun., Closed; Mon. & Wed., Noon-8; Tue. & Thu., 10-6; Fri. & Sat., 9-5",4020 W. 63rd St.,Chicago,IL,60636,(312) 747-7381,https://www.chipublib.org/locations/77/,"(41.778662219559784, -87.7235385705056)"
Back of the Yards,"Sun., Closed; Mon. & Wed., 10-6; Tue. & Thu., Noon-8; Fri. & Sat., 9-5",2111 W. 47th St.,Chicago,IL,60609,(312) 747-9595,https://www.chipublib.org/locations/9/,"(41.808384423666354, -87.67756963874196)"
Rogers Park,"Sun., Closed; Mon. & Wed., Noon-8; Tue. & Thu., 10-6; Fri. & Sat., 9-5",6907 N. Clark St.,Chicago,IL,60626,(312) 744-0156,https://www.chipublib.org/locations/61/,"(42.00670763656976, -87.67340767268539)"
Garfield Ridge,"Sun., Closed; Mon. & Wed., 10-6; Tue. & Thu., Noon-8; Fri. & Sat., 9-5",6348 S. Archer Ave.,Chicago,IL,60638,(312) 747-6094,https://www.chipublib.org/locations/31/,"(41.79298666078267, -87.78013325801972)"
King,"Sun., Closed; Mon. & Wed., 10-6; Tue. & Thu., Noon-8; Fri. & Sat., 9-5",3436 S. King Dr.,Chicago,IL,60616,(312) 747-7543,https://www.chipublib.org/locations/41/,"(41.83180139956726, -87.6177606656296)"
Walker,"Sun., Closed; Mon. & Wed., 10-6; Tue. & Thu., Noon-8; Fri. & Sat., 9-5",11071 S. Hoyne Ave.,Chicago,IL,60643,(312) 747-1920,https://www.chipublib.org/locations/72/,"(41.69244169242589, -87.67413286555718)"
"Daley, Richard M.","Sun., Closed; Mon. & Wed., 10-6; Tue. & Thu., Noon-8; Fri. & Sat., 9-5",733 N. Kedzie Ave.,Chicago,IL,60612,(312) 743-0555,https://www.chipublib.org/locations/24/,"(41.8943707, -87.7064607)"
Humboldt Park,"Sun., Closed; Mon. & Wed., Noon-8; Tue. & Thu., 10-6; Fri. & Sat., 9-5",1605 N. Troy St.,Chicago,IL,60647,(312) 744-2244,https://www.chipublib.org/locations/36/,"(41.910328, -87.705427)"
Sulzer Regional Library,"Mon. - Thu., 9-9; Fri. & Sat., 9-5; Sun., 1-5",4455 N. Lincoln Ave.,Chicago,IL,60625,(312) 744-7616,https://www.chipublib.org/locations/67/,"(41.96240358108169, -87.68441684946531)"
Blackstone,"Sun., Closed; Mon. & Wed., Noon-8; Tue. & Thu., 10-6; Fri. & Sat., 9-5",4904 S. Lake Park Ave.,Chicago,IL,60615,(312) 747-0511,https://www.chipublib.org/locations/12/,"(41.8058403098503, -87.58934182212592)"
North Pulaski,"Sun., Closed; Mon. & Wed., 10-6; Tue. & Thu., Noon-8; Fri. & Sat., 9-5",4300 W. North Ave.,Chicago,IL,60639,(312) 744-9573,https://www.chipublib.org/locations/55/,"(41.91004241611636, -87.73392609215429)"
West Town,"Sun., Closed; Mon. & Wed., 10-6; Tue. & Thu., Noon-8; Fri. & Sat., 9-5",1625 W. Chicago Ave.,Chicago,IL,60622,(312) 743-0450,https://www.chipublib.org/locations/79/,"(41.895752189070784, -87.6682665907951)"
Budlong Woods,"Sun., Closed; Mon. & Wed., Noon-8; Tue. & Thu., 10-6; Fri. & Sat., 9-5",5630 N. Lincoln Ave.,Chicago,IL,60659,(312) 742-9590,https://www.chipublib.org/locations/16/,"(41.98457226437275, -87.69773449236712)"
Lincoln Park,"Sun., Closed; Mon. & Wed., 10-6; Tue. & Thu., Noon-8; Fri. & Sat., 9-5",1150 W. Fullerton Ave.,Chicago,IL,60614,(312) 744-1926,https://www.chipublib.org/locations/44/,"(41.925591694002954, -87.6581132450843)"
West Englewood,"Sun., Closed; Mon. & Wed., Noon-8; Tue. & Thu., 10-6; Fri. & Sat., 9-5",1745 W. 63rd St.,Chicago,IL,60651,(312) 747-3481,https://www.chipublib.org/locations/76/,"(41.779334358813195, -87.66812159090755)"
Archer Heights,"Sun., Closed; Mon. & Wed., Noon-8; Tue. & Thu., 10-6; Fri. & Sat., 9-5",5055 S. Archer Ave.,Chicago,IL,60632,(312) 747-9241,https://www.chipublib.org/locations/5/,"(41.8012136599335, -87.72649071431441)"
Hegewisch,"Sun., Closed; Mon. & Wed., 10-6; Tue. & Thu., Noon-8; Fri. & Sat., 9-5",3048 E. 130th St.,Chicago,IL,60633,(312) 747-0046,https://www.chipublib.org/locations/35/,"(41.65917887033542, -87.54824132727411)"
Independence,"Sun., Closed; Mon. & Wed., 10-6; Tue. & Thu., Noon-8; Fri. & Sat., 9-5",4024 N. Elston Ave.,Chicago,IL,60618,(312) 744-0900,https://www.chipublib.org/locations/37/,"(41.953903720729926, -87.71694255042644)"
Lozano,"Sun., Closed; Mon. & Wed., 10-6; Tue. & Thu., Noon-8; Fri. & Sat., 9-5",1805 S. Loomis St.,Chicago,IL,60608,(312) 746-4329,https://www.chipublib.org/locations/47/,"(41.85752200960524, -87.6609371162563)"
South Shore,,2505 E. 73rd St.,Chicago,IL,60649,Closed for Construction,https://www.chipublib.org/locations/66/,"(41.76155535585864, -87.56208363879564)"
Chinatown,"Sun., Closed; Mon. & Wed., Noon-8; Tue. & Thu., 10-6; Fri. & Sat., 9-5",2100 S. Wentworth Ave.,Chicago,IL,60616,(312) 747-8013,https://www.chipublib.org/locations/20/,"(41.85412074173438, -87.63195792246246)"
Douglass,,3353 W. 13th St.,Chicago,IL,60623,Closed for Construction,https://www.chipublib.org/locations/25/,"(41.864500759742604, -87.70968548933996)"
Logan Square,"Sun., Closed; Mon. & Wed., 10-6; Tue. & Thu., Noon-8; Fri. & Sat., 9-5",3030 W. Fullerton Ave.,Chicago,IL,60647,(312) 744-5295,https://www.chipublib.org/locations/46/,"(41.92505210078537, -87.70339410925955)"
Roden,"Sun., Closed; Mon. & Wed., 10-6; Tue. & Thu., Noon-8; Fri. & Sat., 9-5",6083 N. Northwest Hwy.,Chicago,IL,60631,(312) 744-1478,https://www.chipublib.org/locations/60/,"(41.99191752494232, -87.79830189864583)"
Galewood-Mont Clare,"Sun. & Sat., Closed; Mon. & Wed., Noon-8; Tue. & Thu., 10-6; Fri. 9-5",6871 W. Belden Ave.,Chicago,IL,60707,(312) 746-0165,https://www.chipublib.org/locations/30/,"(41.921114724943386, -87.79724102070298)"
West Belmont,"Sun., Closed; Mon. & Wed., 10-6; Tue. & Thu., Noon-8; Fri. & Sat., 9-5",3104 N. Narragansett Ave.,Chicago,IL,60611,(312) 746-5142,https://www.chipublib.org/locations/74/,"(41.93666211869315, -87.78589145006396)"
Bucktown-Wicker Park,"Sun., Closed; Mon. & Wed., Noon-8; Tue. & Thu., 10-6; Fri. & Sat., 9-5",1701 N. Milwaukee Ave.,Chicago,IL,60647,(312) 744-6022,https://www.chipublib.org/locations/15/,"(41.91272239576367, -87.6805873025965)"
Northtown,"Sun., Closed; Mon. & Wed., 10-6; Tue. & Thu., Noon-8; Fri. & Sat., 9-5",6800 N. Western Ave.,Chicago,IL,60645,(312) 744-2292,https://www.chipublib.org/locations/56/,"(41.99833902904292, -87.6996500514452)"
Merlo,,644 W. Belmont Ave.,Chicago,IL,60657,Closed for Construction,https://www.chipublib.org/locations/51/,"(41.940084208613214, -87.64614322696454)"
West Pullman,"Sun., Closed; Mon. & Wed., Noon-8; Tue. & Thu., 10-6; Fri. & Sat., 9-5",830 W. 119th St.,Chicago,IL,60643,(312) 747-1425,https://www.chipublib.org/locations/78/,"(41.67785087178982, -87.64299968326193)"
Beverly,"Sun., Closed; Mon. & Wed., Noon-8; Tue. & Thu., 10-6; Fri. & Sat., 9-5",1962 W. 95th St.,Chicago,IL,60643,(312) 747-9673,https://www.chipublib.org/locations/10/,"(41.721180505456495, -87.6719464613888)"
Legler Regional,"Mon. - Thu., 9-9; Fri. & Sat., 9-5; Sun., 1-5",115 S. Pulaski Rd.,Chicago,IL,60624,(312) 746-7730,https://www.chipublib.org/locations/42/,"(41.87933865849079, -87.72556034620074)"
Thurgood Marshall,"Sun., Closed; Mon. & Wed., Noon-8; Tue. & Thu., 10-6; Fri. & Sat., 9-5",7506 S. Racine Ave.,Chicago,IL,60620,(312) 747-5927,https://www.chipublib.org/locations/68/,"(41.757801751628755, -87.65398155309862)"
Austin,"Sun., Closed; Mon. & Wed., Noon-8; Tue. & Thu., 10-6; Fri. & Sat., 9-5",5615 W. Race Ave.,Chicago,IL,60644,(312) 746-5038,https://www.chipublib.org/locations/6/,"(41.889272153514526, -87.76571186722818)"
Wrightwood-Ashburn,"Sun., Closed; Mon. & Wed., Noon-8; Tue. & Thu., 10-6; Fri. & Sat., 9-5",8530 S. Kedzie Ave.,Chicago,IL,60652,(312) 747-2696,https://www.chipublib.org/locations/82/,"(41.73832399791064, -87.70213010561923)"
Jefferson Park,,5363 W. Lawrence Ave.,Chicago,IL,60630,Closed for Construction,https://www.chipublib.org/locations/38/,"(41.96759739182978, -87.76155426232721)"
McKinley Park,"Sun., Closed; Mon. & Wed., Noon-8; Tue. & Thu., 10-6; Fri. & Sat., 9-5",1915 W. 35th St.,Chicago,IL,60609,(312) 747-6082,https://www.chipublib.org/locations/50/,"(41.830447500170855, -87.67339165430255)"
South Chicago,"Sun., Closed; Mon. & Wed., Noon-8; Tue. & Thu., 10-6; Fri. & Sat., 9-5",9055 S. Houston Ave.,Chicago,IL,60617,(312) 747-8065,https://www.chipublib.org/locations/65/,"(41.73057483460938, -87.54980694003919)"
Clearing,"Sun., Closed; Mon. & Wed., Noon-8; Tue. & Thu., 10-6; Fri. & Sat., 9-5",6423 W. 63rd Pl.,Chicago,IL,60638,(312) 747-5657,https://www.chipublib.org/locations/21/,"(41.77678205621646, -87.78181978755116)"
Mount Greenwood,"Sun., Closed; Mon. & Wed., 10-6; Tue. & Thu., Noon-8; Fri. & Sat., 9-5",11010 S. Kedzie Ave.,Chicago,IL,60655,(312) 747-2805,https://www.chipublib.org/locations/52/,"(41.69291909858246, -87.70103788554279)"
Toman,"Sun., Closed; Mon. & Wed., Noon-8; Tue. & Thu., 10-6; Fri. & Sat., 9-5",2708 S. Pulaski Rd.,Chicago,IL,60623,(312) 745-1660,https://www.chipublib.org/locations/69/,"(41.84205367070128, -87.72496884474246)"
Chicago Lawn,"Sun., Closed; Mon. & Wed., 10-6; Tue. & Thu., Noon-8; Fri. & Sat., 9-5",6120 S. Kedzie Ave.,Chicago,IL,60629,(312) 747-0639,https://www.chipublib.org/locations/19/,"(41.78180787787282, -87.70326162211758)"
Harold Washtington Library Center,"Mon. - Thu., 9-9; Fri. & Sat., 9-5; Sun., 1-5",400 S. State St.,Chicago,IL,60605,(312) 747-4300,https://www.chipublib.org/locations/34/,"(41.87629985357702, -87.62819280116949)"
Brighton Park,"Sun., Closed; Mon. & Wed., 10-6; Tue. & Thu., Noon-8; Fri. & Sat., 9-5",4314 S. Archer Ave.,Chicago,IL,60632,(312) 747-0666,https://www.chipublib.org/locations/14/,"(41.815138789328266, -87.70265431614907)"
West Chicago Avenue,"Sun., Closed; Mon. & Wed., 10-6; Tue. & Thu., Noon-8; Fri. & Sat., 9-5",4856 W. Chicago Ave.,Chicago,IL,60634,(312) 743-0260,https://www.chipublib.org/locations/75/,"(41.895046508790834, -87.74732954000841)"
Little Village,"Sun., Closed; Mon. & Wed., 10-6; Tue. & Thu., Noon-8; Fri. & Sat., 9-5",2311 S. Kedzie Ave.,Chicago,IL,60623,(312) 745-1862,https://www.chipublib.org/locations/45/,"(41.8495331, -87.7051215)"
Lincoln Belmont,"Sun., Closed; Mon. & Wed., 10-6; Tue. & Thu., Noon-8; Fri. & Sat., 9-5",1659 W. Melrose St.,Chicago,IL,60657,(312) 744-0166,https://www.chipublib.org/locations/43/,"(41.94031359562259, -87.67075771281625)"
Gage Park,"Sun., Closed; Mon. & Wed., 10-6; Tue. & Thu., Noon-8; Fri. & Sat., 9-5",2807 W. 55th St.,Chicago,IL,60632,(312) 747-0032,https://www.chipublib.org/locations/29/,"(41.79369723271382, -87.69404645462895)"
Oriole Park,"Sun., Closed; Mon. & Wed., Noon-8; Tue. & Thu., 10-6; Fri. & Sat., 9-5",7454 W. Balmoral Ave.,Chicago,IL,60656,(312) 744-1965,https://www.chipublib.org/locations/57/,"(41.977961140156296, -87.8132091093451)"
Dunning,"Sun., Closed; Mon. & Wed., Noon-8; Tue. & Thu., 10-6; Fri. & Sat., 9-5",7455 W. Cornelia Ave.,Chicago,IL,60634,(312) 743-0480,https://www.chipublib.org/locations/26/,"(41.943308, -87.817497)"
Bezazian,"Sun., Closed; Mon. & Wed., Noon-8; Tue. & Thu., 10-6; Fri. & Sat., 9-5",1226 W. Ainslie St.,Chicago,IL,60640,(312) 744-0019,https://www.chipublib.org/locations/11/,"(41.97168194800458, -87.66073027218957)"
West Loop,"Sun., Closed; Mon. & Wed., 10-6; Tue. & Thu., Noon-8; Fri. & Sat., 9-5l",122 N. Aberdeen St.,Chicago,IL,60607,(312) 744-2995,https://www.chipublib.org/locations/88/,"(41.884232, -87.654324)"
Pullman,"Sun., Closed; Mon. & Wed., 10-6; Tue. & Thu., Noon-8; Fri. & Sat., 9-5",11001 S. Indiana Ave.,Chicago,IL,60628,(312) 747-2033,https://www.chipublib.org/locations/59/,"(41.69440640901795, -87.61826066226358)"
Jeffery Manor,"Sun., Closed; Mon. & Wed., 10-6; Tue. & Thu., Noon-8; Fri. & Sat., 9-5",2401 E. 100th St.,Chicago,IL,60617,(312) 747-6479,https://www.chipublib.org/locations/39/,"(41.71326176288522, -87.56549206928669)"
Hall,"Sun., Closed; Mon. & Wed., 10-6; Tue. & Thu., Noon-8; Fri. & Sat., 9-5",4801 S. Michigan Ave.,Chicago,IL,60615,(312) 747-2541,https://www.chipublib.org/locations/33/,"(41.80743298280974, -87.62273981936815)"
Near North,"Sun., Closed; Mon. & Wed., Noon-8; Tue. & Thu., 10-6; Fri. & Sat., 9-5",310 W. Division St.,Chicago,IL,60610,(312) 744-0991,https://www.chipublib.org/locations/53/,"(41.90386938756309, -87.63648979790898)"
Coleman,"Sun., Closed; Mon. & Wed., Noon-8; Tue. & Thu., 10-6; Fri. & Sat., 9-5",731 E. 63rd St.,Chicago,IL,60637,(312) 747-7760,https://www.chipublib.org/locations/22/,"(41.78037301095412, -87.60715724280014)"
Austin-Irving,"Sun., Closed; Mon. & Wed., Noon-8; Tue. & Thu., 10-6; Fri. & Sat., 9-5",6100 W. Irving Park Rd.,Chicago,IL,60634,(312) 744-6222,https://www.chipublib.org/locations/7/,"(41.95317390064158, -87.77938682073541)"
Woodson Regional Library,"Mon. - Thu., 9-9; Fri. & Sat., 9-5; Sun., 1-5",9525 S. Halsted St.,Chicago,IL,60628,(312) 747-6900,https://www.chipublib.org/locations/81/,"(41.72093481286736, -87.64309395216542)"
Mayfair,"Sun., Closed; Mon. & Wed., Noon-8; Tue. & Thu., 10-6; Fri. & Sat., 9-5",4400 W. Lawrence Ave.,Chicago,IL,60630,(312) 744-1254,https://www.chipublib.org/locations/49/,"(41.968354456496165, -87.7381618989123)"
Chicago Bee,"Sun., Closed; Mon. & Wed., Noon-8; Tue. & Thu., 10-6; Fri. & Sat., 9-5",3647 S. State St.,Chicago,IL,60609,(312) 747-6872,https://www.chipublib.org/locations/18/,"(41.8284268698988, -87.62640221644719)"
Uptown,"Sun., Closed; Mon. & Wed., 10-6; Tue. & Thu., Noon-8; Fri. & Sat., 9-5",929 W. Buena Ave.,Chicago,IL,60613,(312) 744-8400,https://www.chipublib.org/locations/70/,"(41.958445207514295, -87.65351012268938)"
Sherman Park,"Sun., Closed; Mon. & Wed., Noon-8; Tue. & Thu., 10-6; Fri. & Sat., 9-5",5440 S. Racine Ave.,Chicago,IL,60609,(312) 747-0477,https://www.chipublib.org/locations/64/,"(41.795279421214886, -87.65492071930115)"
